,count,mean,std,min,25%,50%,75%,max
Sales,1017209.0,5773.818972305593,3849.926175241448,0.0,3727.0,5744.0,7856.0,41551.0
Customers,1017209.0,633.1459464082602,464.41173388730044,0.0,405.0,609.0,837.0,7388.0
CompetitionDistance,1017209.0,5415.982074480269,7710.252707774006,0.0,700.0,2320.0,6880.0,75860.0
CompetitionOpenSinceMonth,1017209.0,4.926878350466817,4.283543166408624,0.0,0.0,4.0,9.0,12.0
CompetitionOpenSinceYear,1017209.0,1370.1725112538327,935.3634476261378,0.0,0.0,2006.0,2011.0,2015.0
Promo2SinceWeek,1017209.0,11.647665327381098,15.323928205050557,0.0,0.0,1.0,22.0,50.0
